Date,Headline,source
2025-09-26,"Jim Cramer Points To 1,000-Person Tokyo Apple Store Line As Proof Of Why AAPL Stock Keeps Defying Doubters: Tim Cook Hails 'New Chapter'",Biztoc.com
2025-09-26,Is Your New iPhone Made With Mistreated Workers?,Biztoc.com
2025-09-26,Intel's comeback is fueled by the promise of more deals,Yahoo Entertainment
2025-09-26,"Xiaomi's New 17 Series May Resemble iPhone 17, Yet Packs Bold Tricks That Might Win Over Even Hardcore Apple Loyalists",Biztoc.com
2025-09-26,WindowsとLinux仮想マシンとの互換性を向上させた「Parallels Desktop 26 for Mac v26.1.0」がリリース。,Applech2.com
2025-09-26,Apple (AAPL) Sees High Demand for Affordable iPhone 17,Yahoo Entertainment
2025-09-26,Apple (AAPL) Stock Target Lifted to $280 as Analysts See Upside in iPhone 17 Cycle,Yahoo Entertainment
2025-09-25,"S&P 500 Gains & Losses Today: CarMax Stock Skids, Oracle Retreats; Intel Pushes Higher",Investopedia
2025-09-25,"$20,000 invested in the Betashares Nasdaq 100 ETF (NDQ) 5 years ago is now worth",Motley Fool Australia
2025-09-25,Stocks fall for the third day in a row. Is this the start of a deeper pullback?,MarketWatch
2025-09-25,"Stock market today: Dow, S&P 500, Nasdaq slide for 3rd day as Wall Street slump continues",Yahoo Entertainment
2025-09-25,macOS 26 Tahoeインストーラーのダウンロードに対応した「Mist v0.30」がリリース。,Applech2.com
2025-09-25,Intel 'needs' Apple to invest like Nvidia & US government did,Yahoo Entertainment
2025-09-25,"As Intel Pops on Potential Apple Stake, Options Data Tells Us INTC Stock Could Be Headed Here Next",Barchart.com
2025-09-25,"Jim Cramer on Apple: “I Say Over and Over, Should Not Be Traded, Just Owned”",Yahoo Entertainment
2025-09-25,"Top Stock Movers Now: Intel, IBM, Oracle, Lithium Americas, and More",Investopedia
2025-09-25,"Insights Into Apple's Performance Versus Peers In Technology Hardware, Storage & Peripherals Sector",Biztoc.com
2025-09-25,Analyst Explains Why Apple (AAPL) Will Struggle to Maintain Its Customer Base – ‘They’ve Gone On The Defense’,Biztoc.com
2025-09-25,Analyst Explains Why Apple (AAPL) Will Struggle to Maintain Its Customer Base – ‘They’ve Gone On The Defense’,Yahoo Entertainment
2025-09-25,What's Going On With Intel Stock Today?,Biztoc.com
2025-09-25,5 Things to Know Before the Stock Market Opens,Biztoc.com
2025-09-25,"US stock market futures today: Dow, S&P 500 & Nasdaq slips ahead of jobless data and Fed policy signals",The Times of India
2025-09-25,5 Things to Know Before the Stock Market Opens,Investopedia
2025-09-25,Defined Wealth Management LLC Buys 223 Shares of Apple Inc. $AAPL,ETF Daily News
2025-09-25,Praetorian Wealth Management Inc. Has $3.52 Million Holdings in Apple Inc. $AAPL,ETF Daily News
2025-09-25,Best Large Cap Stocks To Watch Today – September 23rd,ETF Daily News
2025-09-25,Chesley Taft & Associates LLC Has $57.92 Million Position in Apple Inc. $AAPL,ETF Daily News
2025-09-25,"Pallas Capital Advisors LLC Sells 9,396 Shares of Apple Inc. $AAPL",ETF Daily News
2025-09-25,"Stokes Capital Advisors LLC Sells 2,928 Shares of Apple Inc. $AAPL",ETF Daily News
2025-09-25,Pines Wealth Management LLC Increases Position in Apple Inc. $AAPL,ETF Daily News
2025-09-25,Apple Inc. $AAPL is Affinity Capital Advisors LLC’s 5th Largest Position,ETF Daily News
2025-09-25,Tounjian Advisory Partners LLC Lowers Stake in Apple Inc. $AAPL,ETF Daily News
2025-09-25,Why these ASX ETFs could power long-term wealth,Motley Fool Australia
2025-09-25,"Gilman Hill Asset Management LLC Acquires 3,144 Shares of Apple Inc. $AAPL",ETF Daily News
2025-09-25,Archer Investment Management LLC Lowers Stake in Apple Inc. $AAPL,ETF Daily News
2025-09-25,Lincoln Capital Corp Cuts Stake in Apple Inc. $AAPL,ETF Daily News
2025-09-25,Best Technology Stocks To Consider – September 23rd,ETF Daily News
2025-09-25,Zacks Research Analysts Reduce Earnings Estimates for Apple,ETF Daily News
2025-09-24,"Stock market today: Dow, S&P 500, Nasdaq fall amid sharp GDP expansion, jobless claims dip",Yahoo Entertainment
2025-09-24,"Stock market today: Dow, S&P 500, Nasdaq futures fall after back-to-back losses, jobless claims dip",Yahoo Entertainment
2025-09-24,"Stock market today: Dow, S&P 500, Nasdaq fall after back-to-back losses, jobless claims dip",Yahoo Entertainment
2025-09-24,"S&P 500 Gains & Losses Today: Intel Stock Extends Rally, Freeport-McMoRan Drops",Investopedia
2025-09-24,"How ‘Bout Them Apples? As AAPL Stock Flies, This Option Strategy Can Help You Squeeze Out Even More Juice",Biztoc.com
2025-09-24,"How ‘Bout Them Apples? As AAPL Stock Flies, This Option Strategy Can Help You Squeeze Out Even More Juice.",Barchart.com
2025-09-24,"AI startup Modular raises $250 million, seeks to challenge Nvidia dominance",Yahoo Entertainment
2025-09-24,"Comparing Apple With Industry Competitors In Technology Hardware, Storage & Peripherals Industry",Biztoc.com
2025-09-24,UBS Reaffirms Price Target on Apple (AAPL) After Mixed iPhone 17 Preorder Data,Biztoc.com
2025-09-24,UBS Reaffirms Price Target on Apple (AAPL) After Mixed iPhone 17 Preorder Data,Yahoo Entertainment
2025-09-24,Top Funds Launch This Next-Gen Mobility Stock Into Orbit. Here's What's Fueling Demand.,Investor's Business Daily
2025-09-24,Bull Call Spread Screener Results For September 24th,Barchart.com
2025-09-24,Top Large Cap Stocks To Add to Your Watchlist – September 22nd,ETF Daily News
2025-09-24,Breakwater Capital Group Has $18 Million Stock Position in Apple Inc. $AAPL,ETF Daily News
2025-09-24,Apple Inc. $AAPL Shares Sold by Baron Wealth Management LLC,ETF Daily News
2025-09-24,Post Resch Tallon Group Inc. Decreases Stake in Apple Inc. $AAPL,ETF Daily News
2025-09-24,Lifelong Wealth Advisors Inc. Acquires 444 Shares of Apple Inc. $AAPL,ETF Daily News
2025-09-24,Lbmc Investment Advisors LLC Sells 463 Shares of Apple Inc. $AAPL,ETF Daily News
2025-09-24,Apple Inc. $AAPL is Gateway Investment Advisers LLC’s 3rd Largest Position,ETF Daily News
2025-09-24,"Aaron Wealth Advisors LLC Acquires 6,843 Shares of Apple Inc. $AAPL",ETF Daily News
2025-09-24,Leibman Financial Services Inc. Has $2.68 Million Stock Holdings in Apple Inc. $AAPL,ETF Daily News
2025-09-24,Apple Inc. $AAPL Shares Sold by Essex Savings Bank,ETF Daily News
2025-09-24,Logitech、Logi LightChargeテクノロジーによるソーラー充電で駆動するフルサイズキーボード「Signature Slim Solar+ for Mac K980」を発売。,Applech2.com
2025-09-24,Apple Inc. $AAPL Stock Position Cut by Hummer Financial Advisory Services Inc,ETF Daily News
2025-09-24,Apple Inc. $AAPL Shares Sold by Berkshire Bank,ETF Daily News
2025-09-24,Apple (NASDAQ:AAPL) Stock Price Up 4.3% Following Analyst Upgrade,ETF Daily News
2025-09-24,Deutsche Bank Gives Synaptics (SYNA) a Buy Rating,Yahoo Entertainment
2025-09-24,Best Technology Stocks To Research – September 22nd,ETF Daily News
2025-09-24,Skyworks Solutions Stock: Is SWKS Underperforming the Technology Sector?,Barchart.com
2025-09-23,How to double your ASX share portfolio without chasing risky stocks,Motley Fool Australia
2025-09-23,"Stock market today: Dow, S&P 500, Nasdaq slide after Powell flags Fed's challenge, 'highly valued' stocks",Yahoo Entertainment
2025-09-23,How to Build the Ultimate Trading Dashboard with Grid Charts,Barchart.com
2025-09-23,"Stock market today: Dow, S&P 500, Nasdaq slide as Powell warns of 'challenging situation'",Yahoo Entertainment
2025-09-23,"Bybit Launches 24/5 Trading for Stock CFDs, Waives Fees Through October",Coinspeaker
2025-09-23,Stocks Lower After Fed Chair Powell Comments,Barchart.com
2025-09-23,"Investigating Apple's Standing In Technology Hardware, Storage & Peripherals Industry Compared To Competitors",Biztoc.com
2025-09-23,Columbia Threadneedle Global Technology Growth Strategy: Apple (AAPL) Faced a Classic Innovator’s Dilemma,Yahoo Entertainment
2025-09-23,Here’s What Impacted Apple (AAPL) in Q2,Biztoc.com
2025-09-23,Is Google Stock a Buy at New All-Time Highs?,Barchart.com
2025-09-23,Here’s What Impacted Apple (AAPL) in Q2,Yahoo Entertainment
2025-09-23,Analyst Says He ‘Loves’ Apple (AAPL) Amid ‘Good News’ Following iPhone 17 Launch,Biztoc.com
2025-09-23,Analyst Says He ‘Loves’ Apple (AAPL) Amid ‘Good News’ Following iPhone 17 Launch,Yahoo Entertainment
2025-09-23,Apple Inc. $AAPL Shares Sold by Exchange Bank,ETF Daily News
2025-09-23,Krilogy Financial LLC Has $48.34 Million Stock Holdings in Apple Inc. $AAPL,ETF Daily News
2025-09-23,Apple Inc. $AAPL Position Boosted by Fiduciary Alliance LLC,ETF Daily News
2025-09-23,Apple Inc. $AAPL Stake Decreased by Clarus Wealth Advisors,ETF Daily News
2025-09-23,Apple Inc. $AAPL Holdings Lowered by Key Client Fiduciary Advisors LLC,ETF Daily News
2025-09-23,Parkside Advisors LLC Reduces Position in Apple Inc. $AAPL,ETF Daily News
2025-09-23,St. Louis Financial Planners Asset Management LLC Has $2.70 Million Position in Apple Inc. $AAPL,ETF Daily News
2025-09-23,Apple Inc. $AAPL is Orser Capital Management LLC’s 4th Largest Position,ETF Daily News
2025-09-23,Apple Inc. $AAPL is Byrne Asset Management LLC’s 2nd Largest Position,ETF Daily News
2025-09-23,Central Bank & Trust Co. Sells 473 Shares of Apple Inc. $AAPL,ETF Daily News
2025-09-23,"Boyum Wealth Architects LLC Has $722,000 Stock Position in Apple Inc. $AAPL",ETF Daily News
2025-09-23,Bank of New Hampshire Has $15.15 Million Stock Holdings in Apple Inc. $AAPL,ETF Daily News
2025-09-23,Apple Inc. $AAPL Shares Sold by Epiq Partners LLC,ETF Daily News
2025-09-23,Apple Inc. $AAPL Shares Sold by Harbor Capital Advisors Inc.,ETF Daily News
2025-09-23,Promising Music Stocks To Research – September 21st,ETF Daily News
2025-09-23,Large Cap Stocks To Follow Today – September 21st,ETF Daily News
2025-09-23,Technology Stocks To Follow Today – September 21st,ETF Daily News
2025-09-23,Apple (AAPL) Stock Target Raised to $310 on Surging iPhone 17 Demand,Yahoo Entertainment
2025-09-23,"Market Movers: Metsera and Apple surge, Kenvue falters on Tylenol troubles",TheStreet
2025-09-22,You’re just getting scraps from the stock market. Here’s where the big money is made.,MarketWatch
